,Image,changed_item_long,changed_item_short
0,rensink_Amish,,
1,rensink_Army,,
2,rensink_BarnTrack,,
3,rensink_Barns,,
4,rensink_Barrels,,
5,rensink_Beach,,
6,rensink_Birds,,
7,rensink_Boat,,
8,rensink_Bus,,
9,rensink_Cactus,,
10,rensink_Camel,,
11,rensink_CanalBridge,,
12,rensink_Castle,,
13,rensink_Chopper,,
14,rensink_Cockpit,,
15,rensink_Description,,
16,rensink_Dinner,,
17,rensink_Diver,,
18,rensink_Eating,,
19,rensink_Egypt,,
20,rensink_FarmByPond,,
21,rensink_Farmer,,
22,rensink_Fishing,,
23,rensink_Floatplane,,
24,rensink_Fountain,,
25,rensink_Harbor,,
26,rensink_Horizon,,
27,rensink_Ice,,
28,rensink_Kayak,,
29,rensink_Kayaker,,
30,rensink_Kids,,
31,rensink_Lake,,
32,rensink_Market,,
33,rensink_Marling,,
34,rensink_Mosque,,
35,rensink_NotreDame,,
36,rensink_Nurses,,
37,rensink_Obelisk,,
38,rensink_OtherDiver,,
39,rensink_Pilots,,
40,rensink_Seal,,
41,rensink_Soldiers,,
42,rensink_Station,,
43,rensink_SummerLake,,
44,rensink_Turtle,,
45,rensink_Water,,
46,rensink_Window,,
47,rensink_Wine,,