image,change_type
image-001,disappear
image-002,disappear
image-003,disappear
image-004,disappear
image-005,disappear
image-006,disappear
image-007,disappear
image-008,disappear
image-009,disappear
image-010,disappear
image-011,disappear
image-012,disappear
image-013,disappear
image-014,disappear
image-015,disappear
image-016,disappear
image-017,disappear
image-018,disappear
image-019,disappear
image-020,disappear
image-021,disappear
image-022,disappear
image-023,disappear
image-024,disappear
image-025,disappear
image-026,disappear
image-027,disappear
image-028,disappear
image-029,disappear
image-030,disappear
image-031,disappear
image-032,disappear
image-033,disappear
image-034,disappear
image-035,disappear
image-036,disappear
image-037,disappear
image-038,disappear
image-039,disappear
image-040,disappear
image-041,disappear
image-042,disappear
image-043,disappear
image-044,disappear
image-045,disappear
image-046,disappear
image-047,disappear
image-048,disappear
image-049,disappear
image-050,disappear
image-076,color
image-077,color
image-078,color
image-079,color
image-080,color
image-081,color
image-082,color
image-083,color
image-084,color
image-085,color
image-086,color
image-087,color
image-088,color
image-089,color
image-090,color
image-091,color
image-092,color
image-093,color
image-094,color
image-095,color
image-096,color
image-097,color
image-098,color
image-099,color
image-100,color
image-101,color
image-102,color
image-103,color
image-104,color
image-105,color
image-106,color
image-107,color
image-108,color
image-109,color
image-110,color
image-111,color
image-112,color
image-113,color
image-114,color
image-115,color
image-116,color
image-117,color
image-118,color
image-119,color
image-120,color
image-121,color
image-122,color
image-123,color
image-124,color
image-125,color
image-126,color
image-127,color
image-128,color
image-129,color
image-130,color
image-131,color
image-132,color
image-133,color
image-134,color
image-135,color
image-136,color
image-137,color